c_bin,ce_bin,c_mean,ce_mean,delta_c_mean,delta_ce_mean,delta_ei_mean,ei_reduction_mean,n,ei_regime
"(0.296, 0.358]","(-0.523, -0.244]",0.3477941594014735,-0.29065885842425315,0.006631380183163218,0.030270947767379368,-0.0006331803948459831,0.0006331803948459831,15951,global
"(0.296, 0.358]","(-0.244, -0.199]",0.3579104514005301,-0.24421109169489877,0.003668575662679431,0.01676645009506353,-8.64518311479486e-05,8.64518311479486e-05,22,global
"(0.358, 0.368]","(-0.244, -0.199]",0.3630417729228562,-0.22104251891714827,0.007885292396375827,0.03528162268883329,6.932648130603444e-07,-6.932648130603444e-07,15809,global
"(0.358, 0.368]","(-0.199, -0.162]",0.3678948643274736,-0.19876303667459314,0.006755462164036248,0.028792636069844797,1.6223393782132296e-05,-1.6223393782132296e-05,149,global
"(0.368, 0.376]","(-0.244, -0.199]",0.3688354724092268,-0.2048208974789345,0.027931155846880985,0.13802188744564467,-3.3857429255926967e-06,3.3857429255926967e-06,21,global
"(0.368, 0.376]","(-0.199, -0.162]",0.37197428830399193,-0.18016944723309178,0.006723656169677878,0.027248239061148444,-0.0010091577600884996,0.0010091577600884996,15372,global
"(0.368, 0.376]","(-0.162, -0.122]",0.3761092294887758,-0.16126363203274788,0.0055933737014363175,0.021469312619888187,-7.759565761240509e-05,7.759565761240509e-05,578,global
"(0.376, 0.386]","(-0.199, -0.162]",0.3817067365871636,-0.18245893678908973,0.018127965101232754,0.08821099167890706,-2.384367441036224e-05,2.384367441036224e-05,36,global
"(0.376, 0.386]","(-0.162, -0.122]",0.3804434579253434,-0.14149711607898002,0.006940233409680592,0.021058705329599126,-4.559355485462203e-05,4.559355485462203e-05,14232,global
"(0.376, 0.386]","(-0.122, -0.0805]",0.38520160665147457,-0.1197421668260606,0.006652083848683251,0.01926086533656353,-3.231902799356251e-05,3.231902799356251e-05,1689,global
"(0.386, 0.396]","(-0.244, -0.199]",0.3903289302158361,-0.21162724969963823,0.013449319994446408,0.0654580698365703,-1.2909827522539047e-05,1.2909827522539047e-05,22,global
"(0.386, 0.396]","(-0.199, -0.162]",0.3903764520563551,-0.17864686469753788,0.007785827980523023,0.03953412380500086,-0.00026423890050525416,0.00026423890050525416,82,global
"(0.386, 0.396]","(-0.162, -0.122]",0.39178953469918726,-0.138712499250484,0.007054780082173277,0.03206375025174043,-3.567831644331226e-05,3.567831644331226e-05,122,global
"(0.386, 0.396]","(-0.122, -0.0805]",0.3897592001858977,-0.09902216995180609,0.006811296792476655,0.01898470504397596,-9.307424200478406e-05,9.307424200478406e-05,12426,global
"(0.386, 0.396]","(-0.0805, -0.0344]",0.3949818095452553,-0.07505548776277511,0.005902841687333556,0.009410977547207761,-2.567980058802757e-05,2.567980058802757e-05,3322,global
"(0.396, 0.41]","(-0.199, -0.162]",0.40231932696482775,-0.1770920625863647,0.004655827659701825,0.04094694634395242,-9.68225490277196e-05,9.68225490277196e-05,51,global
"(0.396, 0.41]","(-0.162, -0.122]",0.40300489491223423,-0.13977101353626162,0.0075026479501775056,0.03141362115081738,-3.353069243498996e-05,3.353069243498996e-05,165,global
"(0.396, 0.41]","(-0.122, -0.0805]",0.4031289840301368,-0.09976252417520581,0.003322661617794208,0.01525958282464107,-8.761562467992008e-05,8.761562467992008e-05,327,global
"(0.396, 0.41]","(-0.0805, -0.0344]",0.40004211459980893,-0.052914218772089544,0.005492791234211152,0.005273457896870149,-2.2810508745531268e-05,2.2810508745531268e-05,9364,global
"(0.396, 0.41]","(-0.0344, 0.0311]",0.40677263686922,-0.02119485576811775,0.0042700843421760535,0.0010871113175061232,-1.1468142489451493e-05,1.1468142489451493e-05,6051,global
"(0.41, 0.454]","(-0.244, -0.199]",0.42966869282949505,-0.21595201444997242,0.0024781554429030572,0.05620347457759632,-3.666925139562449e-05,3.666925139562449e-05,38,global
"(0.41, 0.454]","(-0.199, -0.162]",0.43054375300598235,-0.17590178747012367,0.01956431943096531,0.07882701491585141,1.1733727853798699e-05,-1.1733727853798699e-05,117,global
"(0.41, 0.454]","(-0.162, -0.122]",0.431363727789537,-0.14163237826822764,0.007771610132350241,0.02929038374055727,-4.136287853555976e-05,4.136287853555976e-05,269,global
"(0.41, 0.454]","(-0.122, -0.0805]",0.4281155416710709,-0.09902309481801004,0.004838523790640334,0.021914134994174037,-5.704341326380894e-05,5.704341326380894e-05,447,global
"(0.41, 0.454]","(-0.0805, -0.0344]",0.42971015723923855,-0.05669434349898151,0.006204731393756459,0.014598380715851357,-2.7928772668643986e-05,2.7928772668643986e-05,967,global
"(0.41, 0.454]","(-0.0344, 0.0311]",0.41650837940604324,0.008481371686903374,0.0007968800944759156,-0.013398574901386205,-2.2939250782756895e-05,2.2939250782756895e-05,6893,global
"(0.41, 0.454]","(0.0311, 1.0]",0.43044181839085344,0.08462620170130432,-0.010818649964298458,-0.0717311923065557,-2.888958556184281e-05,2.888958556184281e-05,7241,global
"(0.454, 0.901]","(-0.244, -0.199]",0.5385737469138877,-0.2172889943559465,-0.036125944763688446,0.09283577087694662,0.00010863965313497064,-0.00010863965313497064,30,global
"(0.454, 0.901]","(-0.199, -0.162]",0.5152737745249187,-0.17467809262784087,-0.0199853892033469,0.07424724953824027,-3.873196643205464e-06,3.873196643205464e-06,166,global
"(0.454, 0.901]","(-0.162, -0.122]",0.5140250605475943,-0.140866112845596,-0.014205052874248243,0.03208874818881148,-0.00015608843471652824,0.00015608843471652824,608,global
"(0.454, 0.901]","(-0.122, -0.0805]",0.5240900583333089,-0.09852597864822128,-0.01997712507308123,0.015253614943501376,-0.00016222277486878638,0.00016222277486878638,1085,global
"(0.454, 0.901]","(-0.0805, -0.0344]",0.5247897030739623,-0.05647293637058106,-0.01661392483213606,0.013071980652268209,-4.7180530194376086e-05,4.7180530194376086e-05,2320,global
"(0.454, 0.901]","(-0.0344, 0.0311]",0.5200338263076225,-0.004620828482840823,-0.011844714256609707,0.009468736336966287,-4.488921561453535e-05,4.488921561453535e-05,3030,global
"(0.454, 0.901]","(0.0311, 1.0]",0.5372801834442325,0.3103188437556307,-0.0240408450729161,-0.10148085714690701,-0.00021160197524973723,0.00021160197524973723,8732,global
"(0.321, 0.366]","(-0.411, -0.207]",0.3582181252514869,-0.2431287378904263,0.01567033726825942,0.07000088098452796,1.2670115817664767e-05,-1.2670115817664767e-05,3942,Q1 low EI
"(0.321, 0.366]","(-0.207, -0.168]",0.36608655931351464,-0.20704008391694398,0.009492518250604964,0.043357908147217336,2.18208751541765e-06,-2.18208751541765e-06,51,Q1 low EI
"(0.366, 0.375]","(-0.207, -0.168]",0.3705614998126256,-0.18669207777572724,0.011320122666592285,0.0463154447763412,4.751798942109649e-06,-4.751798942109649e-06,3854,Q1 low EI
"(0.366, 0.375]","(-0.168, -0.13]",0.37477722725248774,-0.16739830065618902,0.007835318548526439,0.029872389517921098,-7.865259975297404e-07,7.865259975297404e-07,134,Q1 low EI
"(0.375, 0.384]","(-0.168, -0.13]",0.3791323235819765,-0.14750884755870108,0.00846031973494664,0.03139954927855674,4.607922645163657e-06,-4.607922645163657e-06,3716,Q1 low EI
"(0.375, 0.384]","(-0.13, -0.094]",0.3833099510217784,-0.12839799152126008,0.008342058312993814,0.029276244430276134,2.1623184972240276e-06,-2.1623184972240276e-06,273,Q1 low EI
"(0.384, 0.391]","(-0.13, -0.094]",0.3872302164739132,-0.11047875440408617,0.007208193173623482,0.029068848428692402,1.585816061965449e-06,-1.585816061965449e-06,3560,Q1 low EI
"(0.384, 0.391]","(-0.094, -0.0605]",0.39112375211677813,-0.09257331344980996,0.012570385137209312,0.05307788295365261,7.15659425793385e-07,-7.15659425793385e-07,404,Q1 low EI
"(0.391, 0.4]","(-0.094, -0.0605]",0.394668363465376,-0.07646756577936198,0.006191458522898499,0.020462864462450842,1.679264549206824e-06,-1.679264549206824e-06,3212,Q1 low EI
"(0.391, 0.4]","(-0.0605, -0.0211]",0.3991176380394854,-0.05614088033590072,0.004956480809109278,0.011775587212502643,2.086424412311565e-06,-2.086424412311565e-06,746,Q1 low EI
"(0.4, 0.411]","(-0.13, -0.094]",0.40489360539964153,-0.10506859982588387,0.0009455512471228843,0.01396532509491638,-1.365504256307407e-06,1.365504256307407e-06,22,Q1 low EI
"(0.4, 0.411]","(-0.094, -0.0605]",0.40611965335777583,-0.07524243908201315,0.005382625130752696,0.022202607483693862,-2.1213925764930152e-07,2.1213925764930152e-07,47,Q1 low EI
"(0.4, 0.411]","(-0.0605, -0.0211]",0.40340264356876665,-0.03674922788971206,0.00555203301057738,0.012209448176705624,2.2304958110259055e-06,-2.2304958110259055e-06,2550,Q1 low EI
"(0.4, 0.411]","(-0.0211, 0.0317]",0.40872391900527955,-0.012236291060984913,0.004930905856295029,0.01120054475556285,3.246493494662011e-06,-3.246493494662011e-06,1353,Q1 low EI
"(0.411, 0.428]","(-0.13, -0.094]",0.4179885736859784,-0.10578311737264447,0.00943105902854265,0.03280828721977505,1.325653362238213e-06,-1.325653362238213e-06,25,Q1 low EI
"(0.411, 0.428]","(-0.094, -0.0605]",0.4184110993931804,-0.07517421475800073,0.008825319560803386,0.03491817103771097,-3.1410253847781783e-07,3.1410253847781783e-07,76,Q1 low EI
"(0.411, 0.428]","(-0.0605, -0.0211]",0.4195356602339797,-0.04156790670998003,0.005737787811153083,0.029263782213216905,-7.089484681799397e-07,7.089484681799397e-07,148,Q1 low EI
"(0.411, 0.428]","(-0.0211, 0.0317]",0.41500436483113096,0.014639804761606787,-0.0005128282659221116,-0.010566278035479578,1.969386485943163e-06,-1.969386485943163e-06,2108,Q1 low EI
"(0.411, 0.428]","(0.0317, 1.0]",0.4225121415698744,0.05075301991007743,-0.010890129468187596,-0.05641720158407427,2.4947488899909343e-06,-2.4947488899909343e-06,1610,Q1 low EI
"(0.428, 0.812]","(-0.207, -0.168]",0.5107928416765903,-0.18496918433205384,-0.037711323033356905,0.058285361707793415,-7.237140817166535e-07,7.237140817166535e-07,50,Q1 low EI
"(0.428, 0.812]","(-0.168, -0.13]",0.4971503590550468,-0.14804510304685012,-0.008742003739158104,0.0279998708340181,-2.6789541937586374e-07,2.6789541937586374e-07,99,Q1 low EI
"(0.428, 0.812]","(-0.13, -0.094]",0.518336614382957,-0.11022339217315456,-0.02979127018512007,0.008041641003335612,4.778653059075071e-06,-4.778653059075071e-06,108,Q1 low EI
"(0.428, 0.812]","(-0.094, -0.0605]",0.5055386075120596,-0.07600582152915689,-0.019154293721998037,0.021462821350655588,2.907841676260187e-06,-2.907841676260187e-06,254,Q1 low EI
"(0.428, 0.812]","(-0.0605, -0.0211]",0.49374747011876,-0.03977564770254433,-0.006933378103154254,0.028820998181456725,6.685660296132385e-07,-6.685660296132385e-07,550,Q1 low EI
"(0.428, 0.812]","(-0.0211, 0.0317]",0.49576725862878535,0.0008238245892505223,-0.006894093046809736,0.02119021305367778,1.4062326254621152e-06,-1.4062326254621152e-06,532,Q1 low EI
"(0.428, 0.812]","(0.0317, 1.0]",0.47620487205475576,0.20977439628398267,-0.04619560503972336,-0.210442082158086,0.00029217964750703393,-0.00029217964750703393,2383,Q1 low EI
"(0.298, 0.359]","(-0.514, -0.238]",0.3514327811473833,-0.27415627608407295,0.009233255322871179,0.042173390383241485,1.6225706485365572e-05,-1.6225706485365572e-05,3986,Q2
"(0.359, 0.367]","(-0.238, -0.202]",0.36334019030138526,-0.21972284041499845,0.008043793200727425,0.03609517041413788,2.9693679775748534e-06,-2.9693679775748534e-06,3970,Q2
"(0.367, 0.375]","(-0.202, -0.166]",0.3712483773650991,-0.18358760832999327,0.007639108630052835,0.03212317389170866,7.754895791546478e-08,-7.754895791546478e-08,3872,Q2
"(0.367, 0.375]","(-0.166, -0.128]",0.37527528975752106,-0.16515980171060518,0.00907683958021583,0.02665588952234519,-2.9994118405961712e-06,2.9994118405961712e-06,119,Q2
"(0.375, 0.384]","(-0.166, -0.128]",0.3793777043622471,-0.1464283522086147,0.007579815415479649,0.02257777631553515,-1.364388205542977e-06,1.364388205542977e-06,3674,Q2
"(0.375, 0.384]","(-0.128, -0.0879]",0.38388446812550014,-0.12579165214724014,0.007305832634559467,0.028569286567239525,1.6320881872419524e-05,-1.6320881872419524e-05,302,Q2
"(0.384, 0.394]","(-0.166, -0.128]",0.39006390588489814,-0.14060382443901567,0.010637845136791143,0.04517268473701098,1.5671507238305976e-06,-1.5671507238305976e-06,25,Q2
"(0.384, 0.394]","(-0.128, -0.0879]",0.3882010489864516,-0.10619009410908141,0.0060543832621767464,0.015700312888607085,5.187083686967436e-06,-5.187083686967436e-06,3295,Q2
"(0.384, 0.394]","(-0.0879, -0.0452]",0.39298572141867155,-0.08420634959343982,0.00590881952035306,0.011708131681950463,3.935539023620743e-06,-3.935539023620743e-06,660,Q2
"(0.394, 0.406]","(-0.166, -0.128]",0.39955343265144777,-0.1431556460226046,0.03315832159632641,0.14446346553918213,-2.943515847746815e-06,2.943515847746815e-06,28,Q2
"(0.394, 0.406]","(-0.128, -0.0879]",0.4002517539095817,-0.10290252491853316,0.003909639164352543,0.01693988650375372,-4.8864253852217486e-06,4.8864253852217486e-06,87,Q2
"(0.394, 0.406]","(-0.0879, -0.0452]",0.39770682276019925,-0.06391694548107228,0.0054127611199163,0.004237911454080462,3.3597265596480154e-06,-3.3597265596480154e-06,2565,Q2
"(0.394, 0.406]","(-0.0452, 0.0094]",0.4038766277172876,-0.03447170690822259,0.003306313733742046,-0.0042858913342255734,8.538654715184794e-06,-8.538654715184794e-06,1305,Q2
"(0.406, 0.434]","(-0.166, -0.128]",0.42029879383684365,-0.1420948572838158,0.012265723184288587,0.04349875013154742,-9.753598597317858e-06,9.753598597317858e-06,33,Q2
"(0.406, 0.434]","(-0.128, -0.0879]",0.4171100924849412,-0.1055217790419817,0.009823927815297308,0.03601913846170451,2.983246706457781e-06,-2.983246706457781e-06,122,Q2
"(0.406, 0.434]","(-0.0879, -0.0452]",0.41712524397507544,-0.06347944033682017,0.0037743973662926283,0.013815893979346378,-5.934779928316325e-07,5.934779928316325e-07,183,Q2
"(0.406, 0.434]","(-0.0452, 0.0094]",0.41097245287802797,-0.010420997831154091,0.0014860638600753164,-0.010124215042231844,5.2928509168572405e-06,-5.2928509168572405e-06,1827,Q2
"(0.406, 0.434]","(0.0094, 1.0]",0.42063441442698485,0.041013994888852975,-0.00828373924116164,-0.04954232804645034,1.2111568280926986e-05,-1.2111568280926986e-05,1811,Q2
"(0.434, 0.796]","(-0.202, -0.166]",0.49632903786827565,-0.18170413504251173,0.0005849163556434932,0.11777366110401674,0.00014496889456780686,-0.00014496889456780686,54,Q2
"(0.434, 0.796]","(-0.166, -0.128]",0.5076844266497333,-0.14450044035035026,-0.025953685101070937,0.046313063744112246,7.840492782329108e-07,-7.840492782329108e-07,115,Q2
"(0.434, 0.796]","(-0.128, -0.0879]",0.5079169785484571,-0.10521188569273437,-0.026811744394033204,0.012706401033711037,-1.5623056178682511e-06,1.5623056178682511e-06,187,Q2
"(0.434, 0.796]","(-0.0879, -0.0452]",0.5128557542758461,-0.0636851878232283,-0.013303030973300035,0.01579762955894181,3.0991151672521303e-07,-3.0991151672521303e-07,585,Q2
"(0.434, 0.796]","(-0.0452, 0.0094]",0.5103936204903635,-0.018797112807963017,-0.01323862503620639,0.016575204056665377,-2.8552590454663336e-06,2.8552590454663336e-06,861,Q2
"(0.434, 0.796]","(0.0094, 1.0]",0.5029399168932641,0.19660685722110402,-0.03332690099395853,-0.1365056047043041,9.443481642269307e-07,-9.443481642269307e-07,2183,Q2
"(0.296, 0.356]","(-0.523, -0.255]",0.34725547879070334,-0.29319743520060404,0.006100386313695831,0.027885057979333203,3.1521472219075017e-06,-3.1521472219075017e-06,3991,Q3
"(0.356, 0.365]","(-0.255, -0.214]",0.3603736269959259,-0.23324085494765226,0.006131090719285177,0.027988458159144965,-1.0687862182155773e-06,1.0687862182155773e-06,3976,Q3
"(0.365, 0.374]","(-0.214, -0.173]",0.3689714377170096,-0.19394716960944386,0.005301397992458947,0.021661299021337715,-6.513913665162772e-06,6.513913665162772e-06,3899,Q3
"(0.365, 0.374]","(-0.173, -0.132]",0.37357552744100553,-0.1728325135072677,0.0027171107266308705,0.01238714789178385,-2.0255499145704863e-05,2.0255499145704863e-05,86,Q3
"(0.374, 0.384]","(-0.173, -0.132]",0.37801210609815394,-0.15264624004650484,0.00624846101455162,0.018155751378834725,-1.0489716535010056e-06,1.0489716535010056e-06,3565,Q3
"(0.374, 0.384]","(-0.132, -0.0882]",0.3830848914326003,-0.12941328881281014,0.007245967271324964,0.007764869761285875,-5.479429407903528e-06,5.479429407903528e-06,423,Q3
"(0.384, 0.395]","(-0.173, -0.132]",0.38968765239689257,-0.1550202394473429,0.0037713064216094057,0.016940918987456054,-1.78009785332892e-05,1.78009785332892e-05,38,Q3
"(0.384, 0.395]","(-0.132, -0.0882]",0.3878572042311387,-0.10786155897658702,0.006964629783262556,0.015602647195859218,-7.147345022216167e-06,7.147345022216167e-06,2965,Q3
"(0.384, 0.395]","(-0.0882, -0.0431]",0.39367922415083484,-0.08103040607755109,0.008034521206667661,0.005153677349395347,-4.830332358931858e-06,4.830332358931858e-06,973,Q3
"(0.395, 0.41]","(-0.173, -0.132]",0.40299283086652143,-0.14803972223655473,0.001802601755133653,0.016319207543858506,-1.6365951090251518e-05,1.6365951090251518e-05,60,Q3
"(0.395, 0.41]","(-0.132, -0.0882]",0.40231172050717934,-0.10806589849949085,0.005860507831637941,0.020194038898178546,-1.1263672937484716e-05,1.1263672937484716e-05,105,Q3
"(0.395, 0.41]","(-0.0882, -0.0431]",0.3987591107889603,-0.05925987233710578,0.006527937084350111,0.0034167773839214356,6.664946973084459e-05,-6.664946973084459e-05,2010,Q3
"(0.395, 0.41]","(-0.0431, 0.0192]",0.40574322229464427,-0.02596860122359607,0.003463197625667618,-0.007276501038724449,-3.520947348323519e-06,3.520947348323519e-06,1801,Q3
"(0.41, 0.47]","(-0.214, -0.173]",0.43387208304294134,-0.18848899362137983,0.0031852794405184534,0.03890746697325733,-7.52992739802895e-06,7.52992739802895e-06,30,Q3
"(0.41, 0.47]","(-0.173, -0.132]",0.4395904223068962,-0.15087703314960352,0.012243135485580836,0.06305707928098885,-4.939757601593327e-06,4.939757601593327e-06,136,Q3
"(0.41, 0.47]","(-0.132, -0.0882]",0.4411095740886907,-0.10705009005007453,0.0021009882986503556,0.029825401780224452,-5.901710733839521e-06,5.901710733839521e-06,188,Q3
"(0.41, 0.47]","(-0.0882, -0.0431]",0.4394314080786021,-0.06484904114721242,0.010426965006801028,0.011890019591073072,-6.96855236069673e-06,6.96855236069673e-06,373,Q3
"(0.41, 0.47]","(-0.0431, 0.0192]",0.42028226407730956,0.0003124323377362734,0.0009743681546430594,-0.01531040542400162,-1.0348486882900001e-05,1.0348486882900001e-05,1323,Q3
"(0.41, 0.47]","(0.0192, 1.0]",0.4328915102351263,0.08835782738556401,-0.00512638329477775,-0.06338278473882075,3.706507643936285e-06,-3.706507643936285e-06,1940,Q3
"(0.47, 0.901]","(-0.173, -0.132]",0.5297031174115818,-0.14910488932835914,-0.01856268285786426,0.04676335383954432,-7.2275162315550666e-06,7.2275162315550666e-06,109,Q3
"(0.47, 0.901]","(-0.132, -0.0882]",0.540542705600141,-0.10791957580914811,-0.022669906467213063,0.02271794190848738,-1.1136205647598068e-05,1.1136205647598068e-05,312,Q3
"(0.47, 0.901]","(-0.0882, -0.0431]",0.5385253259736087,-0.06492851284639496,-0.02664969073870291,0.010079385791479862,-6.24289776767179e-06,6.24289776767179e-06,637,Q3
"(0.47, 0.901]","(-0.0431, 0.0192]",0.5325975844651745,-0.012940320319342372,-0.011150107472908595,0.007105148536854367,-8.718455423763748e-06,8.718455423763748e-06,869,Q3
"(0.47, 0.901]","(0.0192, 1.0]",0.5477813811159851,0.27292257437747236,-0.022899336654372757,-0.07563012918286437,-4.05844025177661e-06,4.05844025177661e-06,2054,Q3
"(0.296, 0.351]","(-0.523, -0.275]",0.33940999607456085,-0.328759600663736,0.0037044293019740464,0.016910328257927584,-0.0024730994152275623,0.0024730994152275623,3987,Q4 high EI
"(0.351, 0.363]","(-0.275, -0.22]",0.3571183311934792,-0.24798830993514653,0.0034877582732832264,0.01588437093832362,-9.72856856180107e-05,9.72856856180107e-05,3981,Q4 high EI
"(0.363, 0.373]","(-0.22, -0.177]",0.3686541054691942,-0.195206171402114,0.0035348055600853572,0.015506614703927467,-0.0038369313921737765,0.0038369313921737765,3939,Q4 high EI
"(0.363, 0.373]","(-0.177, -0.142]",0.37262076763398605,-0.17695059109781666,0.006115338516187376,0.02790146004695672,-0.00051563722056291,0.00051563722056291,52,Q4 high EI
"(0.373, 0.381]","(-0.177, -0.142]",0.37633655242819436,-0.1601338518826419,0.0036441680141767155,0.012839837673974164,-0.0001664059819925616,0.0001664059819925616,3653,Q4 high EI
"(0.373, 0.381]","(-0.142, -0.0921]",0.3808913979896346,-0.13932545926114287,0.004381925194503444,0.01696217256592404,-6.923320579873116e-05,6.923320579873116e-05,339,Q4 high EI
"(0.381, 0.394]","(-0.177, -0.142]",0.3904172191454297,-0.16194212424481944,0.0025945107992606854,0.01202743054351105,-0.0004459861571418646,0.0004459861571418646,25,Q4 high EI
"(0.381, 0.394]","(-0.142, -0.0921]",0.38609211868065274,-0.115849212725291,0.0063079491785686575,0.012939436648995295,-0.0005029917004917572,0.0005029917004917572,3154,Q4 high EI
"(0.381, 0.394]","(-0.0921, -0.0307]",0.3927123700805671,-0.08534764177053983,0.0057041292252877724,0.0056652979968827965,-9.323710807668554e-05,9.323710807668554e-05,797,Q4 high EI
"(0.394, 0.415]","(-0.177, -0.142]",0.40401182863722096,-0.15573069490397884,0.004448461288051294,0.010522932713938189,-0.00011416485782690687,0.00011416485782690687,42,Q4 high EI
"(0.394, 0.415]","(-0.142, -0.0921]",0.40393827608724137,-0.11880270637163313,0.0021812905971127262,0.0044463607301244625,-3.835937408345973e-05,3.835937408345973e-05,102,Q4 high EI
"(0.394, 0.415]","(-0.0921, -0.0307]",0.39952704397683964,-0.05599957405626793,0.0047202473463628675,0.0009581120048518834,-0.00023835543155115095,0.00023835543155115095,2336,Q4 high EI
"(0.394, 0.415]","(-0.0307, 0.101]",0.4094008377061867,-0.009138889853415603,0.005404196651160909,-0.005330148787697425,-1.0828379260827132e-05,1.0828379260827132e-05,1495,Q4 high EI
"(0.415, 0.496]","(-0.177, -0.142]",0.45992633283215906,-0.1544128356642785,0.007045799092250724,0.040361779190172184,-0.0002097151144829685,0.0002097151144829685,152,Q4 high EI
"(0.415, 0.496]","(-0.142, -0.0921]",0.4598237250352814,-0.11710532558165422,0.005749401759467937,0.014480217235719472,-0.0002876356477181423,0.0002876356477181423,225,Q4 high EI
"(0.415, 0.496]","(-0.0921, -0.0307]",0.4634825891890548,-0.059743593300625786,0.0037910884891190683,-7.395708623115894e-05,-0.0005593913440515474,0.0005593913440515474,419,Q4 high EI
"(0.415, 0.496]","(-0.0307, 0.101]",0.4350295671076082,0.04559244224471417,0.004421885937592933,-0.013893009385316115,-0.0003983459129907397,0.0003983459129907397,1745,Q4 high EI
"(0.415, 0.496]","(0.101, 1.0]",0.46377363190120013,0.2263982234105333,0.005470482752225812,-0.021222960124995742,-0.0004248479112607301,0.0004248479112607301,1439,Q4 high EI
"(0.496, 0.847]","(-0.177, -0.142]",0.5473690031239179,-0.1539894757076949,-0.0143494567602011,0.018902480468779338,-2.1665673435527802e-05,2.1665673435527802e-05,69,Q4 high EI
"(0.496, 0.847]","(-0.142, -0.0921]",0.5574055163952676,-0.11359454764374628,-0.03757896358015351,0.007256592504616477,-0.0003178749732134943,0.0003178749732134943,173,Q4 high EI
"(0.496, 0.847]","(-0.0921, -0.0307]",0.5471698044374632,-0.0606003578006093,-0.016540287178730045,0.006226367040682507,-0.00010544601617310385,0.00010544601617310385,442,Q4 high EI
"(0.496, 0.847]","(-0.0307, 0.101]",0.547674556186232,0.028677822308738266,-0.017352654756977396,-0.007303215984553125,-0.0002446972359778819,0.0002446972359778819,753,Q4 high EI
"(0.496, 0.847]","(0.101, 1.0]",0.5797876709694068,0.43615483634944846,-0.012478852623132588,-0.0484931791346846,-0.0006074385773378794,0.0006074385773378794,2555,Q4 high EI
