ei_regime,z_bin,z_mean,delta_z_mean,ei_reduction_mean,n
global,"(-0.437, -0.196]",-0.24069154031085177,0.026097716388460878,0.001461036958454722,6390
global,"(-0.196, -0.164]",-0.1783311703250964,0.03144548610839866,0.00011073205176666585,6389
global,"(-0.164, -0.141]",-0.15201483874511829,0.03968222618198708,8.83639708643809e-06,6390
global,"(-0.141, -0.123]",-0.13221346657071628,0.03897720114838068,2.7010440981509473e-06,6389
global,"(-0.123, -0.105]",-0.11446837575518717,0.03222435465376371,-4.371351772603928e-06,6390
global,"(-0.105, -0.0897]",-0.0974313796563306,0.029302123562271236,0.002304079894677253,6389
global,"(-0.0897, -0.0749]",-0.08227062703588203,0.02848238705709174,0.00010306257491835248,6390
global,"(-0.0749, -0.0588]",-0.06703539542510385,0.026762714940000747,4.362230918543175e-05,6389
global,"(-0.0588, -0.0419]",-0.05038912808421471,0.023145978765863887,2.2549490782508475e-05,6390
global,"(-0.0419, -0.0254]",-0.03369063170940512,0.021788295041295817,7.561451880348846e-05,6389
global,"(-0.0254, -0.00758]",-0.016527558886428054,0.019962974796583023,9.54393704648039e-05,6389
global,"(-0.00758, 0.00951]",0.0010331860357216378,0.023135497330180235,0.0001001949481690185,6390
global,"(0.00951, 0.0281]",0.01869055352927419,0.01214507240601694,7.2447999562590455e-06,6389
global,"(0.0281, 0.0477]",0.03789501847533741,0.008534269789133865,8.040554201371096e-05,6390
global,"(0.0477, 0.0687]",0.05825978757938609,0.005434150746111164,2.9895801067117937e-05,6389
global,"(0.0687, 0.0915]",0.07983316577130459,0.0037936657557171728,4.715951558029601e-06,6390
global,"(0.0915, 0.12]",0.1050724256728327,-0.006397768240329847,5.39464392236617e-06,6389
global,"(0.12, 0.164]",0.1384426613466294,-0.027070736724037526,6.541993629595635e-05,6390
global,"(0.164, 0.291]",0.21437415814091926,-0.0670641981111129,7.239798752914432e-05,6389
global,"(0.291, 1.154]",0.5114429943445329,-0.13624327830425867,0.00022095480490673402,6390
Q1 low EI,"(-0.338, -0.163]",-0.19634498218639596,0.07158355668875332,-6.647897197643558e-06,1598
Q1 low EI,"(-0.163, -0.139]",-0.15078674597937922,0.07983216003071425,-2.3929026941703762e-05,1597
Q1 low EI,"(-0.139, -0.12]",-0.12955320916272306,0.05234409515015623,-2.1075250838962576e-06,1598
Q1 low EI,"(-0.12, -0.103]",-0.11207704575200185,0.04736259580326425,-8.997220281425252e-06,1597
Q1 low EI,"(-0.103, -0.0889]",-0.0961689626693753,0.0480806500274597,-1.1211922254799748e-06,1597
Q1 low EI,"(-0.0889, -0.0718]",-0.08027155372459029,0.036705836415847536,-7.891464986581361e-06,1598
Q1 low EI,"(-0.0718, -0.0566]",-0.06401656159919569,0.031068661955388415,-2.7115345190136027e-06,1597
Q1 low EI,"(-0.0566, -0.0419]",-0.04922024645449698,0.026086383937410355,-5.671598540918097e-07,1597
Q1 low EI,"(-0.0419, -0.0271]",-0.03449860493087668,0.02896005826924429,-1.3258278995397848e-06,1598
Q1 low EI,"(-0.0271, -0.0128]",-0.01969063089637327,0.03369994131414297,-2.095162028020666e-06,1597
Q1 low EI,"(-0.0128, 0.000452]",-0.00653852162693164,0.03018051597492502,-4.5184013866665297e-07,1597
Q1 low EI,"(0.000452, 0.0149]",0.007618997333661273,0.018974595968517,-3.0937741369350982e-06,1598
Q1 low EI,"(0.0149, 0.0311]",0.02312336294078645,0.01595453909427779,-1.825672266622085e-06,1597
Q1 low EI,"(0.0311, 0.0485]",0.039717455314627906,0.0134919593387941,-1.8676659047186642e-06,1597
Q1 low EI,"(0.0485, 0.0646]",0.05647121143597929,0.016790457207245674,-2.5872640089723172e-06,1598
Q1 low EI,"(0.0646, 0.0829]",0.07344239673262787,0.0124865783686538,-2.118292954480643e-06,1597
Q1 low EI,"(0.0829, 0.107]",0.09484215688722555,0.00017695347229052994,-2.629808723408888e-06,1598
Q1 low EI,"(0.107, 0.134]",0.11812827666235919,-0.0336619152785869,-1.4713479310393903e-06,1597
Q1 low EI,"(0.134, 0.212]",0.16333069783059298,-0.07761971646645095,-0.00027443656868324353,1597
Q1 low EI,"(0.212, 1.106]",0.36244197384604626,-0.27617645147927095,-0.00016269322592528862,1598
Q2,"(-0.414, -0.166]",-0.20150616641667804,0.04273964687677218,-1.574228620017705e-05,1598
Q2,"(-0.166, -0.14]",-0.15226752456333442,0.04446651126033652,-2.3039335948745538e-05,1597
Q2,"(-0.14, -0.124]",-0.13195497962430866,0.0419421043125831,-5.467291863794839e-06,1597
Q2,"(-0.124, -0.11]",-0.11666264752425079,0.03801001043870739,-7.310811811709468e-07,1598
Q2,"(-0.11, -0.095]",-0.1023810364334993,0.03408747319341195,-4.522397220597422e-06,1597
Q2,"(-0.095, -0.0797]",-0.08725938297429972,0.034252002114869846,-5.251892691629885e-06,1597
Q2,"(-0.0797, -0.0652]",-0.0723026974782684,0.029878309377553813,-1.995872711537419e-06,1598
Q2,"(-0.0652, -0.05]",-0.05759172063776733,0.032842929890495455,-4.232304227862377e-06,1597
Q2,"(-0.05, -0.0341]",-0.042125967730959606,0.02826050755136428,1.7618451837406927e-06,1597
Q2,"(-0.0341, -0.0176]",-0.025846615028453892,0.024380578198277235,4.888830604698937e-07,1598
Q2,"(-0.0176, -0.000931]",-0.009543884186616116,0.022057130085574746,-1.3477521226629813e-05,1597
Q2,"(-0.000931, 0.0153]",0.007205013069516329,0.016157905084638897,-6.151444912550641e-08,1597
Q2,"(0.0153, 0.0322]",0.023468586047603275,0.014596776939885201,-7.1749753577171195e-06,1597
Q2,"(0.0322, 0.0505]",0.04108870804118768,0.007845262119469181,-6.42196343007964e-07,1598
Q2,"(0.0505, 0.071]",0.06078901933681915,0.00301427236323282,-1.877818747211359e-06,1597
Q2,"(0.071, 0.0914]",0.08105743435668243,0.0017703669895950908,-3.8454194099661944e-06,1597
Q2,"(0.0914, 0.115]",0.10266305580643084,-0.00473531244748915,-2.634671863700299e-07,1598
Q2,"(0.115, 0.144]",0.1286966978169489,-0.015212269467891055,-8.730763800809304e-06,1597
Q2,"(0.144, 0.218]",0.17314592909748286,-0.046282829613377686,-9.786293609005768e-06,1597
Q2,"(0.218, 1.162]",0.38126011781398417,-0.18877335575462953,-1.3307211448390646e-06,1598
Q3,"(-0.426, -0.19]",-0.22455823758738244,0.02725927554201599,-1.5594333118464077e-06,1598
Q3,"(-0.19, -0.162]",-0.1749660148311124,0.029692891255479824,-9.809133581747296e-06,1597
Q3,"(-0.162, -0.143]",-0.15204611225801898,0.02855473248778546,5.6789184363345055e-06,1597
Q3,"(-0.143, -0.125]",-0.13368816960407434,0.031608082422717516,5.6277666149365135e-06,1598
Q3,"(-0.125, -0.111]",-0.11785468434376427,0.025762811630357013,-4.999079318863341e-06,1597
Q3,"(-0.111, -0.094]",-0.10261427105484852,0.02252846689072477,5.070802287517386e-06,1597
Q3,"(-0.094, -0.0769]",-0.08549317201966516,0.022005171867671078,7.443831529531492e-06,1598
Q3,"(-0.0769, -0.0605]",-0.0685962448240618,0.02260602016733525,6.387586403020703e-06,1597
Q3,"(-0.0605, -0.0425]",-0.05164559362005956,0.01993020698469688,1.6846480624841304e-06,1597
Q3,"(-0.0425, -0.0247]",-0.03328691405529692,0.018892625535755714,1.5768490392326999e-06,1598
Q3,"(-0.0247, -0.00631]",-0.015733783095543248,0.018342581017235158,6.781927688039803e-06,1597
Q3,"(-0.00631, 0.0132]",0.0036255007458250985,0.01741053494634493,5.883108000612106e-06,1597
Q3,"(0.0132, 0.0325]",0.022639538513032843,0.013514804124084122,7.065821192468119e-06,1597
Q3,"(0.0325, 0.0522]",0.042511906363222246,0.007358681295213749,-8.616709555179506e-05,1598
Q3,"(0.0522, 0.0726]",0.062082395459169576,0.004398657290738621,5.9178556902452725e-06,1597
Q3,"(0.0726, 0.0956]",0.08376172714967763,-0.004129905935827114,6.724516456478028e-06,1597
Q3,"(0.0956, 0.122]",0.10922367854362701,-0.01036919350273978,7.760663183285877e-06,1598
Q3,"(0.122, 0.164]",0.14082631715540114,-0.020069368511460562,4.99823083467823e-06,1597
Q3,"(0.164, 0.275]",0.20926268824935312,-0.046846451437547,-9.759399946431081e-07,1597
Q3,"(0.275, 1.154]",0.48644853238813934,-0.1128613903520262,1.1077366308066114e-06,1598
Q4 high EI,"(-0.445, -0.244]",-0.2951159004587636,0.02015595432610972,0.003765251666028414,1598
Q4 high EI,"(-0.244, -0.205]",-0.2224044748543365,0.015054895844607064,0.002064114265775548,1597
Q4 high EI,"(-0.205, -0.181]",-0.19274381843581712,0.015365940873528348,0.00045640185438701193,1598
Q4 high EI,"(-0.181, -0.159]",-0.17018044556416867,0.017003834999003466,9.241693668001388e-05,1597
Q4 high EI,"(-0.159, -0.136]",-0.1470806836735763,0.01629905277938273,3.318964010701081e-05,1597
Q4 high EI,"(-0.136, -0.112]",-0.12350295923704287,0.016756717741797215,1.4405297662720425e-05,1598
Q4 high EI,"(-0.112, -0.0982]",-0.10482546857123094,0.0163351009532947,0.009194402685603597,1597
Q4 high EI,"(-0.0982, -0.0851]",-0.09173192383439921,0.014259047383735417,0.00035146456976169486,1597
Q4 high EI,"(-0.0851, -0.07]",-0.07779110951487124,0.015094910942431998,0.00019635731917352203,1598
Q4 high EI,"(-0.07, -0.053]",-0.06185342633173019,0.014284816794444622,0.00014284981227756218,1597
Q4 high EI,"(-0.053, -0.034]",-0.04350060451697446,0.015357106383655046,0.0002984366650368833,1597
Q4 high EI,"(-0.034, -0.0133]",-0.023860593582734235,0.013498402913713736,0.0006601294901123304,1598
Q4 high EI,"(-0.0133, 0.0111]",-0.0012696296487085352,0.010152464892005513,0.00017116219571115088,1597
Q4 high EI,"(0.0111, 0.0372]",0.024303492702670064,0.004619277891588885,0.0003841367436017558,1597
Q4 high EI,"(0.0372, 0.0662]",0.051149128231370154,0.0009433914112436738,0.00013718029625718421,1598
Q4 high EI,"(0.0662, 0.102]",0.0831750566200695,-0.0043267309173795135,-1.0967266243225493e-05,1597
Q4 high EI,"(0.102, 0.161]",0.12884648843765364,-0.010475740465706799,0.0003473996309353889,1597
Q4 high EI,"(0.161, 0.278]",0.21014803324244063,-0.018233395988713975,0.000554133685655865,1598
Q4 high EI,"(0.278, 0.455]",0.3649265796661899,-0.017975868394203738,9.294340416298466e-05,1597
Q4 high EI,"(0.455, 1.146]",0.6931610734418772,-0.07055637309742169,0.0009348617553735941,1598
